-- MySQL dump 10.13  Distrib 8.0.31, for Win64 (x86_64)
--
-- Host: localhost    Database: db_educacion
-- ------------------------------------------------------
-- Server version	8.0.31

/*!40101 SET @OLD_CHARACTER_SET_CLIENT=@@CHARACTER_SET_CLIENT */;
/*!40101 SET @OLD_CHARACTER_SET_RESULTS=@@CHARACTER_SET_RESULTS */;
/*!40101 SET @OLD_COLLATION_CONNECTION=@@COLLATION_CONNECTION */;
/*!50503 SET NAMES utf8mb4 */;
/*!40103 SET @OLD_TIME_ZONE=@@TIME_ZONE */;
/*!40103 SET TIME_ZONE='+00:00' */;
/*!40014 SET @OLD_UNIQUE_CHECKS=@@UNIQUE_CHECKS, UNIQUE_CHECKS=0 */;
/*!40014 SET @OLD_FOREIGN_KEY_CHECKS=@@FOREIGN_KEY_CHECKS, FOREIGN_KEY_CHECKS=0 */;
/*!40101 SET @OLD_SQL_MODE=@@SQL_MODE, SQL_MODE='NO_AUTO_VALUE_ON_ZERO' */;
/*!40111 SET @OLD_SQL_NOTES=@@SQL_NOTES, SQL_NOTES=0 */;

--
-- Table structure for table `datos_educativos`
--

DROP TABLE IF EXISTS `datos_educativos`;
/*!40101 SET @saved_cs_client     = @@character_set_client */;
/*!50503 SET character_set_client = utf8mb4 */;
CREATE TABLE `datos_educativos` (
  `id` int NOT NULL AUTO_INCREMENT,
  `escuela_id` int NOT NULL,
  `anio` year NOT NULL,
  `semestre` enum('1','2') COLLATE utf8mb4_unicode_ci NOT NULL,
  `cantidad_alumnos` int NOT NULL,
  `numero_inscripciones` int NOT NULL,
  `tasa_desercion` decimal(5,2) NOT NULL,
  `tasa_promocion` decimal(5,2) DEFAULT NULL,
  `numero_maestros` int DEFAULT NULL,
  `promedio_calificaciones` decimal(4,2) DEFAULT NULL,
  `es_urbana` tinyint(1) DEFAULT NULL,
  `creado_en` timestamp NOT NULL DEFAULT CURRENT_TIMESTAMP,
  PRIMARY KEY (`id`),
  UNIQUE KEY `uc_datos_educativos` (`escuela_id`,`anio`,`semestre`),
  CONSTRAINT `datos_educativos_ibfk_1` FOREIGN KEY (`escuela_id`) REFERENCES `escuelas` (`id`) ON DELETE RESTRICT ON UPDATE CASCADE
) ENGINE=InnoDB AUTO_INCREMENT=281 DEFAULT CHARSET=utf8mb4 COLLATE=utf8mb4_unicode_ci;
/*!40101 SET character_set_client = @saved_cs_client */;

--
-- Dumping data for table `datos_educativos`
--

LOCK TABLES `datos_educativos` WRITE;
/*!40000 ALTER TABLE `datos_educativos` DISABLE KEYS */;
INSERT INTO `datos_educativos` VALUES (1,1,2005,'1',300,280,5.25,89.50,15,7.85,1,'2025-09-23 01:10:40'),(2,1,2005,'2',290,270,6.10,87.75,14,7.70,1,'2025-09-23 01:10:40'),(3,1,2006,'1',150,140,4.50,90.00,8,8.20,1,'2025-09-23 01:10:40'),(4,1,2006,'2',220,200,9.00,85.20,10,7.40,1,'2025-09-23 01:10:40'),(5,1,2007,'1',180,160,7.35,88.10,9,7.95,1,'2025-09-23 01:10:40'),(6,1,2007,'2',189,574,2.91,87.61,19,6.81,1,'2025-09-23 01:10:40'),(7,1,2008,'1',502,239,11.13,81.11,8,8.40,1,'2025-09-23 01:10:40'),(8,1,2008,'2',334,402,7.69,95.75,8,9.24,1,'2025-09-23 01:10:40'),(9,1,2009,'1',131,174,6.82,96.11,37,6.24,1,'2025-09-23 01:10:40'),(10,1,2009,'2',376,527,10.88,95.46,35,8.88,1,'2025-09-23 01:10:40'),(11,1,2010,'1',189,88,5.60,82.12,29,8.07,1,'2025-09-23 01:10:40'),(12,1,2010,'2',293,404,10.99,94.29,34,7.67,1,'2025-09-23 01:10:40'),(13,1,2011,'1',181,510,11.12,95.78,29,6.64,1,'2025-09-23 01:10:40'),(14,1,2011,'2',195,236,7.01,86.57,23,8.08,1,'2025-09-23 01:10:40'),(15,1,2012,'1',508,197,9.23,81.45,38,6.82,1,'2025-09-23 01:10:40'),(16,1,2012,'2',402,188,11.83,88.97,22,6.51,1,'2025-09-23 01:10:40'),(17,1,2013,'1',554,158,4.04,87.32,17,9.20,1,'2025-09-23 01:10:40'),(18,1,2013,'2',350,383,2.94,92.22,33,8.28,1,'2025-09-23 01:10:40'),(19,1,2014,'1',263,475,9.32,85.93,20,6.86,1,'2025-09-23 01:10:40'),(20,1,2014,'2',375,161,4.16,84.23,26,6.74,1,'2025-09-23 01:10:40'),(21,1,2015,'1',154,554,8.37,86.59,28,7.76,1,'2025-09-23 01:10:40'),(22,1,2015,'2',522,500,11.83,81.57,31,7.38,1,'2025-09-23 01:10:40'),(23,1,2016,'1',275,433,2.30,81.80,37,8.13,1,'2025-09-23 01:10:40'),(24,1,2016,'2',498,177,3.76,89.27,7,6.97,1,'2025-09-23 01:10:40'),(25,1,2017,'1',261,388,9.59,97.71,11,6.06,1,'2025-09-23 01:10:40'),(26,1,2017,'2',376,430,11.80,93.63,38,8.17,1,'2025-09-23 01:10:40'),(27,1,2018,'1',159,106,11.45,95.72,21,7.65,1,'2025-09-23 01:10:40'),(28,1,2018,'2',129,257,10.60,85.97,10,6.59,1,'2025-09-23 01:10:40'),(29,1,2019,'1',469,426,11.42,88.18,10,7.24,1,'2025-09-23 01:10:40'),(30,1,2019,'2',204,257,10.62,93.04,31,6.89,1,'2025-09-23 01:10:40'),(31,1,2020,'1',213,328,7.56,83.46,14,6.94,1,'2025-09-23 01:10:40'),(32,1,2020,'2',551,424,7.79,96.47,11,7.34,1,'2025-09-23 01:10:40'),(33,1,2021,'1',470,89,7.00,86.51,35,8.79,1,'2025-09-23 01:10:40'),(34,1,2021,'2',308,238,8.23,90.36,31,8.89,1,'2025-09-23 01:10:40'),(35,1,2022,'1',217,114,8.27,84.64,10,6.84,1,'2025-09-23 01:10:40'),(36,1,2022,'2',456,123,7.90,93.14,5,8.36,1,'2025-09-23 01:10:40'),(37,1,2023,'1',149,273,10.19,94.79,20,9.30,1,'2025-09-23 01:10:40'),(38,1,2023,'2',226,364,3.49,82.33,15,9.17,1,'2025-09-23 01:10:40'),(39,1,2024,'1',287,91,8.56,86.78,13,6.26,1,'2025-09-23 01:10:40'),(40,1,2024,'2',170,304,8.76,85.31,31,9.04,1,'2025-09-23 01:10:40'),(41,2,2005,'1',451,308,9.06,85.67,20,7.13,0,'2025-09-23 01:10:40'),(42,2,2005,'2',557,315,4.86,87.14,34,6.59,0,'2025-09-23 01:10:40'),(43,2,2006,'1',380,224,9.65,92.91,38,8.91,0,'2025-09-23 01:10:40'),(44,2,2006,'2',145,234,10.08,92.67,5,7.22,0,'2025-09-23 01:10:40'),(45,2,2007,'1',420,371,11.89,81.32,36,9.50,0,'2025-09-23 01:10:40'),(46,2,2007,'2',286,517,5.48,96.71,6,6.11,0,'2025-09-23 01:10:40'),(47,2,2008,'1',590,529,8.25,96.60,35,8.56,0,'2025-09-23 01:10:40'),(48,2,2008,'2',328,129,2.98,96.93,36,6.64,0,'2025-09-23 01:10:40'),(49,2,2009,'1',166,380,11.79,82.28,31,6.53,0,'2025-09-23 01:10:40'),(50,2,2009,'2',381,88,3.53,80.69,36,7.48,0,'2025-09-23 01:10:40'),(51,2,2010,'1',563,503,3.50,87.16,25,7.14,0,'2025-09-23 01:10:40'),(52,2,2010,'2',113,251,3.43,92.62,12,7.21,0,'2025-09-23 01:10:40'),(53,2,2011,'1',569,230,10.50,80.23,32,9.46,0,'2025-09-23 01:10:40'),(54,2,2011,'2',261,298,7.91,81.61,26,7.34,0,'2025-09-23 01:10:40'),(55,2,2012,'1',479,578,3.83,83.60,30,8.83,0,'2025-09-23 01:10:40'),(56,2,2012,'2',350,527,10.35,97.78,29,8.33,0,'2025-09-23 01:10:40'),(57,2,2013,'1',393,428,11.76,89.45,19,7.00,0,'2025-09-23 01:10:40'),(58,2,2013,'2',121,531,7.86,94.04,22,8.00,0,'2025-09-23 01:10:40'),(59,2,2014,'1',168,115,5.04,82.47,38,9.13,0,'2025-09-23 01:10:40'),(60,2,2014,'2',374,168,4.45,90.25,31,9.47,0,'2025-09-23 01:10:40'),(61,2,2015,'1',281,194,4.75,84.78,33,6.49,0,'2025-09-23 01:10:40'),(62,2,2015,'2',466,493,2.96,92.84,30,8.33,0,'2025-09-23 01:10:40'),(63,2,2016,'1',375,146,8.08,82.04,23,7.17,0,'2025-09-23 01:10:40'),(64,2,2016,'2',586,516,11.47,83.50,14,6.99,0,'2025-09-23 01:10:40'),(65,2,2017,'1',444,550,6.72,97.74,5,6.94,0,'2025-09-23 01:10:40'),(66,2,2017,'2',346,232,3.70,93.85,26,7.62,0,'2025-09-23 01:10:40'),(67,2,2018,'1',441,541,4.12,91.86,23,6.03,0,'2025-09-23 01:10:40'),(68,2,2018,'2',538,351,9.31,95.79,36,8.85,0,'2025-09-23 01:10:40'),(69,2,2019,'1',599,95,2.23,93.75,18,9.38,0,'2025-09-23 01:10:40'),(70,2,2019,'2',414,303,3.88,88.77,31,9.28,0,'2025-09-23 01:10:40'),(71,2,2020,'1',200,292,3.67,82.73,24,6.63,0,'2025-09-23 01:10:40'),(72,2,2020,'2',288,153,8.77,82.57,21,6.48,0,'2025-09-23 01:10:40'),(73,2,2021,'1',341,534,3.99,96.14,36,6.74,0,'2025-09-23 01:10:40'),(74,2,2021,'2',229,504,9.02,93.18,21,8.24,0,'2025-09-23 01:10:40'),(75,2,2022,'1',389,571,6.28,96.58,36,6.56,0,'2025-09-23 01:10:40'),(76,2,2022,'2',269,226,11.55,89.01,33,6.09,0,'2025-09-23 01:10:40'),(77,2,2023,'1',504,201,8.90,93.05,28,8.74,0,'2025-09-23 01:10:40'),(78,2,2023,'2',286,416,6.85,90.93,15,8.57,0,'2025-09-23 01:10:40'),(79,2,2024,'1',187,321,11.86,90.61,24,8.37,0,'2025-09-23 01:10:40'),(80,2,2024,'2',404,136,9.38,82.45,18,9.50,0,'2025-09-23 01:10:40'),(121,4,2005,'1',396,324,2.21,84.40,33,6.53,0,'2025-09-23 01:10:40'),(122,4,2005,'2',272,356,3.94,86.69,35,9.07,0,'2025-09-23 01:10:40'),(123,4,2006,'1',451,557,5.15,84.39,6,8.63,0,'2025-09-23 01:10:40'),(124,4,2006,'2',474,320,10.46,91.57,7,7.20,0,'2025-09-23 01:10:40'),(125,4,2007,'1',225,261,8.17,85.58,25,6.50,0,'2025-09-23 01:10:40'),(126,4,2007,'2',385,468,4.08,94.21,25,7.86,0,'2025-09-23 01:10:40'),(127,4,2008,'1',130,373,10.09,94.53,22,6.75,0,'2025-09-23 01:10:40'),(128,4,2008,'2',399,263,4.25,81.51,23,7.73,0,'2025-09-23 01:10:40'),(129,4,2009,'1',453,417,10.41,94.68,6,7.26,0,'2025-09-23 01:10:40'),(130,4,2009,'2',142,269,2.32,87.08,16,8.79,0,'2025-09-23 01:10:40'),(131,4,2010,'1',300,550,6.09,83.65,34,7.38,0,'2025-09-23 01:10:40'),(132,4,2010,'2',573,326,2.20,85.15,35,8.62,0,'2025-09-23 01:10:40'),(133,4,2011,'1',244,468,11.52,87.91,30,6.24,0,'2025-09-23 01:10:40'),(134,4,2011,'2',203,309,2.63,90.03,38,7.27,0,'2025-09-23 01:10:40'),(135,4,2012,'1',470,474,3.74,92.09,34,6.04,0,'2025-09-23 01:10:40'),(136,4,2012,'2',427,337,7.33,88.25,20,7.32,0,'2025-09-23 01:10:40'),(137,4,2013,'1',547,82,3.62,88.17,39,6.08,0,'2025-09-23 01:10:40'),(138,4,2013,'2',154,139,10.41,85.71,18,7.75,0,'2025-09-23 01:10:40'),(139,4,2014,'1',471,192,3.24,95.70,31,6.10,0,'2025-09-23 01:10:40'),(140,4,2014,'2',297,350,2.64,83.89,39,9.05,0,'2025-09-23 01:10:40'),(141,4,2015,'1',375,409,3.09,89.20,26,9.23,0,'2025-09-23 01:10:40'),(142,4,2015,'2',166,172,5.53,89.13,9,6.97,0,'2025-09-23 01:10:40'),(143,4,2016,'1',470,227,3.41,92.84,39,7.35,0,'2025-09-23 01:10:40'),(144,4,2016,'2',423,133,2.44,97.96,15,6.83,0,'2025-09-23 01:10:40'),(145,4,2017,'1',373,476,10.05,86.93,21,6.70,0,'2025-09-23 01:10:40'),(146,4,2017,'2',436,242,7.60,86.72,12,7.08,0,'2025-09-23 01:10:40'),(147,4,2018,'1',109,124,4.04,80.83,5,7.16,0,'2025-09-23 01:10:40'),(148,4,2018,'2',449,261,9.60,83.04,7,6.24,0,'2025-09-23 01:10:40'),(149,4,2019,'1',294,125,3.93,90.72,39,8.94,0,'2025-09-23 01:10:40'),(150,4,2019,'2',121,173,10.58,95.42,21,6.66,0,'2025-09-23 01:10:40'),(151,4,2020,'1',231,535,5.09,84.75,32,6.64,0,'2025-09-23 01:10:40'),(152,4,2020,'2',270,204,6.49,86.26,8,7.68,0,'2025-09-23 01:10:40'),(153,4,2021,'1',529,517,11.80,85.50,33,7.25,0,'2025-09-23 01:10:40'),(154,4,2021,'2',440,575,11.83,89.55,22,8.87,0,'2025-09-23 01:10:40'),(155,4,2022,'1',562,537,5.69,87.25,5,8.08,0,'2025-09-23 01:10:40'),(156,4,2022,'2',147,183,8.39,97.22,7,6.43,0,'2025-09-23 01:10:40'),(157,4,2023,'1',143,514,11.23,89.87,25,9.21,0,'2025-09-23 01:10:40'),(158,4,2023,'2',364,469,7.57,85.48,23,6.69,0,'2025-09-23 01:10:40'),(159,4,2024,'1',227,448,6.11,92.80,15,7.55,0,'2025-09-23 01:10:40'),(160,4,2024,'2',389,234,9.42,85.68,39,6.62,0,'2025-09-23 01:10:40'),(161,5,2005,'1',109,194,6.47,97.31,10,8.64,0,'2025-09-23 01:10:40'),(162,5,2005,'2',101,112,11.46,80.54,36,9.07,0,'2025-09-23 01:10:40'),(163,5,2006,'1',172,487,2.61,81.81,37,8.25,0,'2025-09-23 01:10:40'),(164,5,2006,'2',340,537,7.54,87.58,36,7.16,0,'2025-09-23 01:10:40'),(165,5,2007,'1',354,263,9.00,93.82,7,7.64,0,'2025-09-23 01:10:40'),(166,5,2007,'2',279,423,7.95,81.54,24,7.87,0,'2025-09-23 01:10:40'),(167,5,2008,'1',225,327,8.89,92.78,13,7.36,0,'2025-09-23 01:10:40'),(168,5,2008,'2',408,217,10.30,83.18,24,6.57,0,'2025-09-23 01:10:40'),(169,5,2009,'1',185,119,6.54,85.41,34,8.34,0,'2025-09-23 01:10:40'),(170,5,2009,'2',350,405,7.47,93.34,30,9.12,0,'2025-09-23 01:10:40'),(171,5,2010,'1',419,202,10.32,95.24,17,7.62,0,'2025-09-23 01:10:40'),(172,5,2010,'2',190,557,10.51,92.94,36,9.47,0,'2025-09-23 01:10:40'),(173,5,2011,'1',331,518,5.88,97.08,24,8.26,0,'2025-09-23 01:10:40'),(174,5,2011,'2',354,389,10.66,81.46,35,6.32,0,'2025-09-23 01:10:40'),(175,5,2012,'1',484,108,5.55,81.39,14,6.71,0,'2025-09-23 01:10:40'),(176,5,2012,'2',575,117,2.21,91.56,7,7.38,0,'2025-09-23 01:10:40'),(177,5,2013,'1',315,387,9.52,93.59,20,7.99,0,'2025-09-23 01:10:40'),(178,5,2013,'2',372,135,6.81,89.13,8,6.49,0,'2025-09-23 01:10:40'),(179,5,2014,'1',552,517,3.07,91.07,21,7.28,0,'2025-09-23 01:10:40'),(180,5,2014,'2',332,91,7.00,92.94,30,8.82,0,'2025-09-23 01:10:40'),(181,5,2015,'1',258,446,6.89,85.92,25,7.61,0,'2025-09-23 01:10:40'),(182,5,2015,'2',557,104,7.42,91.99,35,6.37,0,'2025-09-23 01:10:40'),(183,5,2016,'1',463,137,4.85,89.10,19,8.91,0,'2025-09-23 01:10:40'),(184,5,2016,'2',541,462,9.33,80.61,8,6.78,0,'2025-09-23 01:10:40'),(185,5,2017,'1',483,566,5.77,91.73,12,7.54,0,'2025-09-23 01:10:40'),(186,5,2017,'2',189,403,8.08,90.59,36,9.34,0,'2025-09-23 01:10:40'),(187,5,2018,'1',465,283,9.59,94.80,26,6.50,0,'2025-09-23 01:10:40'),(188,5,2018,'2',464,478,8.82,95.22,36,6.72,0,'2025-09-23 01:10:40'),(189,5,2019,'1',416,513,6.15,82.07,6,6.97,0,'2025-09-23 01:10:40'),(190,5,2019,'2',346,560,2.24,97.27,31,7.66,0,'2025-09-23 01:10:40'),(191,5,2020,'1',260,168,4.35,92.35,38,7.42,0,'2025-09-23 01:10:40'),(192,5,2020,'2',251,382,2.10,93.80,9,6.46,0,'2025-09-23 01:10:40'),(193,5,2021,'1',120,466,7.18,85.74,5,7.41,0,'2025-09-23 01:10:40'),(194,5,2021,'2',230,142,7.04,86.05,11,8.08,0,'2025-09-23 01:10:40'),(195,5,2022,'1',582,556,2.63,85.28,31,7.13,0,'2025-09-23 01:10:40'),(196,5,2022,'2',576,438,10.34,96.25,13,6.11,0,'2025-09-23 01:10:40'),(197,5,2023,'1',295,191,5.50,91.12,36,8.99,0,'2025-09-23 01:10:40'),(198,5,2023,'2',247,228,6.57,90.61,38,7.23,0,'2025-09-23 01:10:40'),(199,5,2024,'1',400,315,11.82,81.09,38,8.79,0,'2025-09-23 01:10:40'),(200,5,2024,'2',577,108,3.15,88.45,9,6.11,0,'2025-09-23 01:10:40'),(201,6,2005,'1',298,569,7.61,89.45,8,8.44,0,'2025-09-23 01:10:40'),(202,6,2005,'2',384,246,10.81,86.28,32,8.23,0,'2025-09-23 01:10:40'),(203,6,2006,'1',582,549,6.03,81.59,19,7.87,0,'2025-09-23 01:10:40'),(204,6,2006,'2',277,519,6.02,85.83,23,6.31,0,'2025-09-23 01:10:40'),(205,6,2007,'1',150,202,7.08,96.17,5,7.94,0,'2025-09-23 01:10:40'),(206,6,2007,'2',149,186,8.79,81.96,9,7.09,0,'2025-09-23 01:10:40'),(207,6,2008,'1',232,195,4.00,84.32,10,7.31,0,'2025-09-23 01:10:40'),(208,6,2008,'2',487,505,3.12,88.60,37,9.14,0,'2025-09-23 01:10:40'),(209,6,2009,'1',550,405,11.83,95.40,17,9.40,0,'2025-09-23 01:10:40'),(210,6,2009,'2',417,550,8.80,93.04,18,7.83,0,'2025-09-23 01:10:40'),(211,6,2010,'1',509,298,3.94,86.24,7,7.77,0,'2025-09-23 01:10:40'),(212,6,2010,'2',515,386,6.96,88.93,32,9.09,0,'2025-09-23 01:10:40'),(213,6,2011,'1',374,436,10.67,91.31,8,7.09,0,'2025-09-23 01:10:40'),(214,6,2011,'2',147,155,3.82,90.19,25,8.84,0,'2025-09-23 01:10:40'),(215,6,2012,'1',193,139,5.51,87.79,5,8.81,0,'2025-09-23 01:10:40'),(216,6,2012,'2',554,167,7.40,90.59,19,8.01,0,'2025-09-23 01:10:40'),(217,6,2013,'1',509,148,8.13,97.56,6,8.92,0,'2025-09-23 01:10:40'),(218,6,2013,'2',428,227,2.20,97.40,20,8.52,0,'2025-09-23 01:10:40'),(219,6,2014,'1',357,346,7.24,87.39,10,6.63,0,'2025-09-23 01:10:40'),(220,6,2014,'2',437,141,7.16,83.54,12,8.91,0,'2025-09-23 01:10:40'),(221,6,2015,'1',502,169,11.21,86.91,8,9.16,0,'2025-09-23 01:10:40'),(222,6,2015,'2',427,415,6.39,84.57,24,6.42,0,'2025-09-23 01:10:40'),(223,6,2016,'1',307,365,8.06,87.99,18,6.36,0,'2025-09-23 01:10:40'),(224,6,2016,'2',191,289,6.09,90.72,21,8.13,0,'2025-09-23 01:10:40'),(225,6,2017,'1',424,227,4.92,83.53,20,6.10,0,'2025-09-23 01:10:40'),(226,6,2017,'2',296,412,7.27,85.15,36,9.34,0,'2025-09-23 01:10:40'),(227,6,2018,'1',447,570,3.35,92.89,19,9.25,0,'2025-09-23 01:10:40'),(228,6,2018,'2',403,380,9.38,89.22,26,6.21,0,'2025-09-23 01:10:40'),(229,6,2019,'1',337,489,11.48,94.58,15,7.66,0,'2025-09-23 01:10:40'),(230,6,2019,'2',148,170,10.24,91.36,32,6.57,0,'2025-09-23 01:10:40'),(231,6,2020,'1',124,479,3.40,91.81,27,6.52,0,'2025-09-23 01:10:40'),(232,6,2020,'2',123,533,4.53,86.49,39,8.43,0,'2025-09-23 01:10:40'),(233,6,2021,'1',304,86,3.55,82.68,16,8.79,0,'2025-09-23 01:10:40'),(234,6,2021,'2',486,469,7.67,93.22,12,8.69,0,'2025-09-23 01:10:40'),(235,6,2022,'1',306,407,6.19,94.78,26,6.37,0,'2025-09-23 01:10:40'),(236,6,2022,'2',397,278,3.48,93.61,29,8.26,0,'2025-09-23 01:10:40'),(237,6,2023,'1',182,110,6.17,87.61,31,7.69,0,'2025-09-23 01:10:40'),(238,6,2023,'2',368,476,6.77,81.87,34,7.23,0,'2025-09-23 01:10:40'),(239,6,2024,'1',240,300,2.84,83.80,29,7.05,0,'2025-09-23 01:10:40'),(240,6,2024,'2',298,473,4.22,87.81,5,8.29,0,'2025-09-23 01:10:40'),(241,7,2005,'1',144,403,11.48,86.67,13,8.96,0,'2025-09-23 01:10:40'),(242,7,2005,'2',466,358,6.78,94.91,39,6.70,0,'2025-09-23 01:10:40'),(243,7,2006,'1',206,401,11.55,91.33,15,8.40,0,'2025-09-23 01:10:40'),(244,7,2006,'2',577,525,11.98,84.06,22,6.92,0,'2025-09-23 01:10:40'),(245,7,2007,'1',182,219,8.74,87.55,7,6.58,0,'2025-09-23 01:10:40'),(246,7,2007,'2',475,484,7.11,93.27,39,6.76,0,'2025-09-23 01:10:40'),(247,7,2008,'1',221,469,10.05,93.87,36,7.22,0,'2025-09-23 01:10:40'),(248,7,2008,'2',129,483,3.70,93.26,19,9.38,0,'2025-09-23 01:10:40'),(249,7,2009,'1',251,559,3.54,91.55,17,7.02,0,'2025-09-23 01:10:40'),(250,7,2009,'2',528,421,5.29,92.56,32,7.43,0,'2025-09-23 01:10:40'),(251,7,2010,'1',357,554,8.89,85.89,36,8.68,0,'2025-09-23 01:10:40'),(252,7,2010,'2',506,548,11.21,85.13,10,6.85,0,'2025-09-23 01:10:40'),(253,7,2011,'1',287,405,9.02,97.87,26,7.90,0,'2025-09-23 01:10:40'),(254,7,2011,'2',381,458,10.46,82.77,23,8.92,0,'2025-09-23 01:10:40'),(255,7,2012,'1',263,549,5.08,83.00,25,6.54,0,'2025-09-23 01:10:40'),(256,7,2012,'2',211,289,3.51,86.20,31,7.92,0,'2025-09-23 01:10:40'),(257,7,2013,'1',108,298,2.93,83.97,19,6.01,0,'2025-09-23 01:10:40'),(258,7,2013,'2',295,117,10.19,97.67,38,9.38,0,'2025-09-23 01:10:40'),(259,7,2014,'1',279,480,10.24,87.07,36,8.08,0,'2025-09-23 01:10:40'),(260,7,2014,'2',200,249,9.79,93.84,15,6.13,0,'2025-09-23 01:10:40'),(261,7,2015,'1',280,264,10.15,91.90,20,6.95,0,'2025-09-23 01:10:40'),(262,7,2015,'2',223,274,2.68,88.51,13,7.60,0,'2025-09-23 01:10:40'),(263,7,2016,'1',509,120,6.18,92.34,29,7.33,0,'2025-09-23 01:10:40'),(264,7,2016,'2',321,274,10.58,96.90,7,7.27,0,'2025-09-23 01:10:40'),(265,7,2017,'1',131,447,5.24,86.49,5,8.71,0,'2025-09-23 01:10:40'),(266,7,2017,'2',197,507,6.88,93.64,29,7.24,0,'2025-09-23 01:10:40'),(267,7,2018,'1',591,104,8.95,84.51,21,6.44,0,'2025-09-23 01:10:40'),(268,7,2018,'2',473,346,2.47,90.74,22,6.41,0,'2025-09-23 01:10:40'),(269,7,2019,'1',240,245,9.18,94.80,14,7.68,0,'2025-09-23 01:10:40'),(270,7,2019,'2',335,551,2.10,80.37,24,8.48,0,'2025-09-23 01:10:40'),(271,7,2020,'1',519,364,5.63,95.91,14,9.01,0,'2025-09-23 01:10:40'),(272,7,2020,'2',259,249,5.82,88.41,27,7.36,0,'2025-09-23 01:10:40'),(273,7,2021,'1',511,506,2.39,90.54,17,7.54,0,'2025-09-23 01:10:40'),(274,7,2021,'2',248,113,2.52,94.07,5,8.66,0,'2025-09-23 01:10:40'),(275,7,2022,'1',587,428,10.06,84.25,9,7.07,0,'2025-09-23 01:10:40'),(276,7,2022,'2',209,532,5.86,94.05,18,6.26,0,'2025-09-23 01:10:40'),(277,7,2023,'1',232,450,4.94,86.34,29,8.82,0,'2025-09-23 01:10:40'),(278,7,2023,'2',270,227,10.06,90.44,14,7.80,0,'2025-09-23 01:10:40'),(279,7,2024,'1',169,430,11.29,83.41,15,9.01,0,'2025-09-23 01:10:40'),(280,7,2024,'2',366,301,3.49,90.26,9,8.33,0,'2025-09-23 01:10:40');
/*!40000 ALTER TABLE `datos_educativos` ENABLE KEYS */;
UNLOCK TABLES;

--
-- Table structure for table `escuelas`
--

DROP TABLE IF EXISTS `escuelas`;
/*!40101 SET @saved_cs_client     = @@character_set_client */;
/*!50503 SET character_set_client = utf8mb4 */;
CREATE TABLE `escuelas` (
  `id` int NOT NULL AUTO_INCREMENT,
  `nombre` varchar(255) COLLATE utf8mb4_unicode_ci NOT NULL,
  `direccion` varchar(255) COLLATE utf8mb4_unicode_ci DEFAULT NULL,
  `telefono` varchar(20) COLLATE utf8mb4_unicode_ci DEFAULT NULL,
  `fecha_fundacion` date DEFAULT NULL,
  `tipo_id` int NOT NULL,
  `municipio_id` int NOT NULL,
  `creado_en` timestamp NOT NULL DEFAULT CURRENT_TIMESTAMP,
  PRIMARY KEY (`id`),
  KEY `tipo_id` (`tipo_id`),
  KEY `municipio_id` (`municipio_id`),
  CONSTRAINT `escuelas_ibfk_1` FOREIGN KEY (`tipo_id`) REFERENCES `tipos_escuelas` (`id`) ON DELETE RESTRICT ON UPDATE CASCADE,
  CONSTRAINT `escuelas_ibfk_2` FOREIGN KEY (`municipio_id`) REFERENCES `municipios` (`id`) ON DELETE RESTRICT ON UPDATE CASCADE
) ENGINE=InnoDB AUTO_INCREMENT=27 DEFAULT CHARSET=utf8mb4 COLLATE=utf8mb4_unicode_ci;
/*!40101 SET character_set_client = @saved_cs_client */;

--
-- Dumping data for table `escuelas`
--

LOCK TABLES `escuelas` WRITE;
/*!40000 ALTER TABLE `escuelas` DISABLE KEYS */;
INSERT INTO `escuelas` VALUES (1,'Escuela Primaria San','Calle 1, Zona 2','5551-2345','1985-02-14',1,1,'2025-08-30 00:08:58'),(2,'Instituto Básico La Esperanza','Avenida Central 45','5552-6789','1992-08-20',2,2,'2025-08-30 00:08:58'),(4,'Colegio Americano de Guatemala','pending','111111111','2025-09-01',2,3,'2025-09-22 23:45:52'),(5,'Colegio Internacional de Antigua','2','222222222','2025-09-02',2,1,'2025-09-22 23:46:22'),(6,'Centro Educativo Pavarotti','3','33333333','2025-09-03',5,12,'2025-09-22 23:46:54'),(7,'Academia Cristiana de Guatemala','4','44444444','2025-09-04',1,5,'2025-09-22 23:47:12'),(8,'Colegio Americano del Sur','5','55555555','2025-09-05',8,5,'2025-09-22 23:47:32'),(9,'Colegio Decroly Americano','6','6','2025-09-08',7,10,'2025-09-22 23:47:51'),(10,'Colegio Gibbs','7','777','2025-09-07',8,7,'2025-09-22 23:48:07'),(11,'Colegio Han Al Americano','8','88888888','2025-09-09',7,9,'2025-09-22 23:48:22'),(12,'Colegio Interamericano','9','999','2025-09-06',6,2,'2025-09-22 23:48:43'),(13,'Colegio Internacional SEK-Guatemala','67','65467','2025-09-16',1,9,'2025-09-22 23:49:02'),(14,'Colegio Maya','12464','5632','2025-08-13',4,10,'2025-09-22 23:49:22'),(15,'Colegio Montano','124','1242','2023-08-14',5,13,'2025-09-22 23:59:55'),(16,'Colegio Naleb','62366','4325325','2025-09-10',1,9,'2025-09-23 00:00:08'),(17,'Equity American School','679','7457','2025-09-06',7,34,'2025-09-23 00:00:24'),(18,'Escuela Superior Vocacional Manuel M. Liciaga','231412','547547','2025-09-12',1,30,'2025-09-23 00:00:42'),(19,'Escuela El Porvenir de Niños de Guatemala','6894','4684','2025-09-30',8,27,'2025-09-23 00:01:00'),(20,'Escuela Nuestro Futuro de Niños de Guatemala','867456','32643','2025-09-17',8,27,'2025-09-23 00:01:25'),(21,'Colegio Internacional Panajachel','3562','64647','2025-09-09',5,24,'2025-09-23 00:01:44'),(22,'Universidad Rafael Landívar','47457','2357','2025-07-03',5,26,'2025-09-23 00:02:02'),(23,'The Village School','3467','34734','2025-09-18',5,25,'2025-09-23 00:06:47'),(24,'Universidad del Valle de Guatemala','23535','326236','2025-09-02',4,11,'2025-09-23 00:07:09'),(25,'Universidad Francisco Marroquín','0867','867','2025-08-06',1,12,'2025-09-23 00:07:25'),(26,'Universidad de San Carlos de Guatemala','2145','3464','2025-09-02',6,11,'2025-09-23 00:07:48');
/*!40000 ALTER TABLE `escuelas` ENABLE KEYS */;
UNLOCK TABLES;

--
-- Table structure for table `municipios`
--

DROP TABLE IF EXISTS `municipios`;
/*!40101 SET @saved_cs_client     = @@character_set_client */;
/*!50503 SET character_set_client = utf8mb4 */;
CREATE TABLE `municipios` (
  `id` int NOT NULL AUTO_INCREMENT,
  `nombre` varchar(100) COLLATE utf8mb4_unicode_ci NOT NULL,
  PRIMARY KEY (`id`),
  UNIQUE KEY `nombre` (`nombre`)
) ENGINE=InnoDB AUTO_INCREMENT=35 DEFAULT CHARSET=utf8mb4 COLLATE=utf8mb4_unicode_ci;
/*!40101 SET character_set_client = @saved_cs_client */;

--
-- Dumping data for table `municipios`
--

LOCK TABLES `municipios` WRITE;
/*!40000 ALTER TABLE `municipios` DISABLE KEYS */;
INSERT INTO `municipios` VALUES (3,'Aguacatán'),(1,'Chiantla'),(4,'Colotenango'),(5,'Concepción Huista'),(6,'Cotzal'),(7,'Cuilco'),(2,'Huehuetenango'),(8,'Jacaltenango'),(9,'La Democracia'),(10,'La Libertad'),(11,'Malacatancito'),(12,'Nentón'),(13,'Petatán'),(14,'San Antonio Huista'),(15,'San Gaspar Ixchil'),(16,'San Ildefonso Ixtahuacán'),(17,'San Juan Atitán'),(18,'San Juan Ixcoy'),(19,'San Mateo Ixtatán'),(20,'San Miguel Adentro'),(21,'San Pedro Necta'),(22,'San Pedro Soloma'),(24,'San Rafael la Unión'),(23,'San Rafael Pétzal'),(25,'San Sebastián Coatán'),(26,'San Sebastián Huehuetenango'),(27,'Santa Ana'),(28,'Santa Cruz Barillas'),(29,'Santa Eulalia'),(30,'Santiago Chimaltenango'),(31,'Soloma'),(32,'Tectitán'),(33,'Todos Santos Cuchumatán'),(34,'Unión Cantinil');
/*!40000 ALTER TABLE `municipios` ENABLE KEYS */;
UNLOCK TABLES;

--
-- Table structure for table `predicciones_ia`
--

DROP TABLE IF EXISTS `predicciones_ia`;
/*!40101 SET @saved_cs_client     = @@character_set_client */;
/*!50503 SET character_set_client = utf8mb4 */;
CREATE TABLE `predicciones_ia` (
  `id` int NOT NULL AUTO_INCREMENT,
  `parametros_entrada` json DEFAULT NULL,
  `resultado_prediccion` json DEFAULT NULL,
  `usuario_id` int DEFAULT NULL,
  `creado_en` timestamp NOT NULL DEFAULT CURRENT_TIMESTAMP,
  `actualizado_en` timestamp NOT NULL DEFAULT CURRENT_TIMESTAMP ON UPDATE CURRENT_TIMESTAMP,
  PRIMARY KEY (`id`),
  KEY `FK_predicciones_ia_usuario_id` (`usuario_id`),
  CONSTRAINT `FK_predicciones_ia_usuario_id` FOREIGN KEY (`usuario_id`) REFERENCES `users` (`id`) ON DELETE SET NULL ON UPDATE CASCADE
) ENGINE=InnoDB AUTO_INCREMENT=4 DEFAULT CHARSET=utf8mb4 COLLATE=utf8mb4_unicode_ci;
/*!40101 SET character_set_client = @saved_cs_client */;

--
-- Dumping data for table `predicciones_ia`
--

LOCK TABLES `predicciones_ia` WRITE;
/*!40000 ALTER TABLE `predicciones_ia` DISABLE KEYS */;
INSERT INTO `predicciones_ia` VALUES (1,'{\"descripcion\": \"test\", \"tasaDesercion\": \"1\", \"numeroMaestros\": \"1\", \"cantidadAlumnos\": \"1\", \"numeroInscripciones\": \"1\"}','{\"data\": {\"status\": \"successful\", \"message\": \"Prediction completed successfully\", \"timestamp\": \"2025-09-21T18:40:54.932227\", \"confidence\": 0.1, \"model_info\": {\"type\": \"basic_predictor\", \"version\": \"1.0.0\"}, \"prediction\": 1, \"processing_time\": \"< 1 second\", \"processed_features\": {\"feature1\": 1, \"feature2\": 1, \"feature3\": 1, \"feature4\": 1}}, \"success\": true, \"timestamp\": \"2025-09-22T00:40:54.941Z\"}',5,'2025-09-22 00:40:54','2025-09-22 00:40:54'),(2,'{\"descripcion\": \"test2\", \"tasaDesercion\": \"1\", \"numeroMaestros\": \"8\", \"cantidadAlumnos\": \"2\", \"numeroInscripciones\": \"5\"}','{\"data\": {\"status\": \"successful\", \"message\": \"Prediction completed successfully\", \"timestamp\": \"2025-09-21T19:07:51.094844\", \"confidence\": 0.1, \"model_info\": {\"type\": \"basic_predictor\", \"version\": \"1.0.0\"}, \"prediction\": 4, \"processing_time\": \"< 1 second\", \"processed_features\": {\"feature1\": 2, \"feature2\": 5, \"feature3\": 1, \"feature4\": 8}}, \"success\": true, \"timestamp\": \"2025-09-22T01:07:51.103Z\"}',5,'2025-09-22 01:07:51','2025-09-22 01:07:51'),(3,'{\"descripcion\": \"test3\", \"tasaDesercion\": \"2\", \"numeroMaestros\": \"5\", \"cantidadAlumnos\": \"4\", \"numeroInscripciones\": \"6\"}','{\"data\": {\"status\": \"Exitosa\", \"message\": \"Predicción generada correctamente\", \"timestamp\": \"2025-09-21T19:15:27.395509\", \"confidence\": 0.1, \"model_info\": {\"type\": \"basic_predictor\", \"version\": \"1.0.0\"}, \"prediction\": 4.25, \"processing_time\": \"< 1 second\", \"processed_features\": {\"feature1\": 4, \"feature2\": 6, \"feature3\": 2, \"feature4\": 5}}, \"success\": true, \"timestamp\": \"2025-09-22T01:15:27.420Z\"}',5,'2025-09-22 01:15:27','2025-09-22 01:15:27');
/*!40000 ALTER TABLE `predicciones_ia` ENABLE KEYS */;
UNLOCK TABLES;

--
-- Table structure for table `tipos_escuelas`
--

DROP TABLE IF EXISTS `tipos_escuelas`;
/*!40101 SET @saved_cs_client     = @@character_set_client */;
/*!50503 SET character_set_client = utf8mb4 */;
CREATE TABLE `tipos_escuelas` (
  `id` int NOT NULL AUTO_INCREMENT,
  `nombre` varchar(100) COLLATE utf8mb4_unicode_ci NOT NULL,
  PRIMARY KEY (`id`),
  UNIQUE KEY `nombre` (`nombre`)
) ENGINE=InnoDB AUTO_INCREMENT=9 DEFAULT CHARSET=utf8mb4 COLLATE=utf8mb4_unicode_ci;
/*!40101 SET character_set_client = @saved_cs_client */;

--
-- Dumping data for table `tipos_escuelas`
--

LOCK TABLES `tipos_escuelas` WRITE;
/*!40000 ALTER TABLE `tipos_escuelas` DISABLE KEYS */;
INSERT INTO `tipos_escuelas` VALUES (2,'Básico'),(3,'Diversificado'),(6,'Oficial Rural'),(7,'Oficial Urbana'),(8,'preprimaria'),(1,'Primaria'),(5,'Privada'),(4,'Técnico');
/*!40000 ALTER TABLE `tipos_escuelas` ENABLE KEYS */;
UNLOCK TABLES;

--
-- Table structure for table `users`
--

DROP TABLE IF EXISTS `users`;
/*!40101 SET @saved_cs_client     = @@character_set_client */;
/*!50503 SET character_set_client = utf8mb4 */;
CREATE TABLE `users` (
  `id` int NOT NULL AUTO_INCREMENT,
  `username` varchar(100) COLLATE utf8mb4_unicode_ci NOT NULL,
  `email` varchar(255) COLLATE utf8mb4_unicode_ci NOT NULL,
  `password` varchar(255) COLLATE utf8mb4_unicode_ci NOT NULL,
  `role` enum('admin','user') COLLATE utf8mb4_unicode_ci NOT NULL DEFAULT 'user',
  `creado_en` timestamp NOT NULL DEFAULT CURRENT_TIMESTAMP,
  PRIMARY KEY (`id`),
  UNIQUE KEY `username` (`username`),
  UNIQUE KEY `email` (`email`)
) ENGINE=InnoDB AUTO_INCREMENT=9 DEFAULT CHARSET=utf8mb4 COLLATE=utf8mb4_unicode_ci;
/*!40101 SET character_set_client = @saved_cs_client */;

--
-- Dumping data for table `users`
--

LOCK TABLES `users` WRITE;
/*!40000 ALTER TABLE `users` DISABLE KEYS */;
INSERT INTO `users` VALUES (1,'admin1','admin1@test.com','$2b$10$example_hashed_password','admin','2025-08-30 00:12:10'),(2,'usuario1','user1@test.com','$2b$10$k8.GGg2meBuYdycE8wa6s.zPUdOQa4H/mHx70JGl7rJjeBTxf6bLu','user','2025-08-30 00:12:10'),(3,'admin2','admin2@test.com','admin2','admin','2025-08-30 00:12:10'),(4,'usuario2','user2@test.com','user2','user','2025-08-30 00:12:10'),(5,'admin3','admin3@test.com','admin3','admin','2025-09-17 22:52:50'),(8,'firefly','firefly@gmail.com','$2b$10$PRjkOdkRsyGBjr92dlLc0uDhRmxTitxiwH9JOugiQF8JNHzYEM646','admin','2025-09-18 23:36:35');
/*!40000 ALTER TABLE `users` ENABLE KEYS */;
UNLOCK TABLES;
/*!40103 SET TIME_ZONE=@OLD_TIME_ZONE */;

/*!40101 SET SQL_MODE=@OLD_SQL_MODE */;
/*!40014 SET FOREIGN_KEY_CHECKS=@OLD_FOREIGN_KEY_CHECKS */;
/*!40014 SET UNIQUE_CHECKS=@OLD_UNIQUE_CHECKS */;
/*!40101 SET CHARACTER_SET_CLIENT=@OLD_CHARACTER_SET_CLIENT */;
/*!40101 SET CHARACTER_SET_RESULTS=@OLD_CHARACTER_SET_RESULTS */;
/*!40101 SET COLLATION_CONNECTION=@OLD_COLLATION_CONNECTION */;
/*!40111 SET SQL_NOTES=@OLD_SQL_NOTES */;

-- Dump completed on 2025-10-09 17:28:02
